{
    "version": 1,
    "author": "Jakub",
    "editor": "wokwi",
    "parts": [
      { "type": "wokwi-arduino-uno", "id": "uno", "top": 0, "left": 0, "attrs": {} },
      { "type": "wokwi-a4988", "id": "drv1", "top": -187.2, "left": 254.4, "attrs": {} },
      { "type": "wokwi-a4988", "id": "drv2", "top": -91.2, "left": 254.4, "attrs": {} },
      {
        "type": "wokwi-stepper-motor",
        "id": "stepper1",
        "top": -237.47,
        "left": 381.69,
        "rotate": 90,
        "attrs": { "size": "17" }
      },
      {
        "type": "wokwi-stepper-motor",
        "id": "stepper2",
        "top": -35.87,
        "left": 381.69,
        "rotate": 90,
        "attrs": { "size": "17" }
      }
    ],
    "connections": [
      [ "uno:4", "drv2:DIR", "green", [ "v0" ] ],
      [ "uno:5", "drv2:STEP", "green", [ "v0" ] ],
      [ "drv2:SLEEP", "drv2:RESET", "green", [ "h0" ] ],
      [ "drv2:ENABLE", "uno:12", "green", [ "h0" ] ],
      [ "drv1:DIR", "uno:6", "green", [ "h0" ] ],
      [ "drv1:STEP", "uno:7", "green", [ "h0" ] ],
      [ "drv1:RESET", "drv1:SLEEP", "green", [ "h0" ] ],
      [ "drv1:ENABLE", "uno:8", "green", [ "h0" ] ],
      [ "drv1:1A", "stepper1:A+", "green", [ "h0" ] ],
      [ "drv1:1B", "stepper1:A-", "green", [ "h0" ] ],
      [ "drv1:2A", "stepper1:B+", "green", [ "h0" ] ],
      [ "drv1:2B", "stepper1:B-", "green", [ "h0" ] ],
      [ "drv2:1A", "stepper2:A+", "green", [ "h0" ] ],
      [ "drv2:1B", "stepper2:A-", "green", [ "h0" ] ],
      [ "drv2:2A", "stepper2:B+", "green", [ "h0" ] ],
      [ "drv2:2B", "stepper2:B-", "green", [ "h0" ] ]
    ],
    "dependencies": {}
  }